{
    "linux_x64": {
        "title": "Linux x64 (Intel® Core™ Ultra 9 185H)",
        "results": {
            "atoi": {
                "Node-API": {
                    "time": 8032,
                    "iterations": 228000000,
                    "ratio": 1,
                    "overhead": 0
                },
                "Koffi v3": {
                    "time": 8007,
                    "iterations": 198000000,
                    "ratio": 0.8711324959081855,
                    "overhead": 0.14793100325968855
                },
                "Koffi v2": {
                    "time": 8006,
                    "iterations": 127000000,
                    "ratio": 0.5588264941644644,
                    "overhead": 0.7894641904821658
                },
                "node:ffi": {
                    "time": 8033,
                    "iterations": 67000000,
                    "ratio": 0.2938230675655902,
                    "overhead": 2.4034087530475117
                },
                "node-ctypes": {
                    "time": 8021,
                    "iterations": 58000000,
                    "ratio": 0.2547348298435904,
                    "overhead": 2.9256508448962766
                },
                "ffi-rs": {
                    "time": 8429,
                    "iterations": 5000000,
                    "ratio": 0.020896945174658083,
                    "overhead": 46.85388446215139
                },
                "ffi-napi": {
                    "time": 13070,
                    "iterations": 2000000,
                    "ratio": 0.005390676384917918,
                    "overhead": 184.5054780876494
                }
            },
            "memset": {
                "Node-API": {
                    "time": 8024,
                    "iterations": 112000000,
                    "ratio": 1,
                    "overhead": 0
                },
                "Koffi v3": {
                    "time": 8019,
                    "iterations": 101000000,
                    "ratio": 0.902347994940588,
                    "overhead": 0.108219894771132
                },
                "node:ffi": {
                    "time": 8088,
                    "iterations": 47000000,
                    "ratio": 0.41632224106259713,
                    "overhead": 1.4019855327634119
                },
                "node-ctypes": {
                    "time": 8161,
                    "iterations": 34000000,
                    "ratio": 0.29847532690321565,
                    "overhead": 2.3503606826579087
                },
                "Koffi v2": {
                    "time": 8194,
                    "iterations": 26000000,
                    "ratio": 0.22732661529342027,
                    "overhead": 3.3989569752281614
                },
                "ffi-rs": {
                    "time": 9776,
                    "iterations": 4000000,
                    "ratio": 0.02931377133504793,
                    "overhead": 33.11365902293121
                },
                "ffi-napi": {
                    "time": 12505,
                    "iterations": 1000000,
                    "ratio": 0.005729136916661906,
                    "overhead": 173.54636091724828
                }
            }
        }
    },
    "win32_x64": {
        "title": "Windows x64 (AMD Ryzen™ 5 2600)",
        "results": {
            "atoi": {
                "Node-API": {
                    "time": 8055,
                    "iterations": 80000000,
                    "ratio": 1,
                    "overhead": 0
                },
                "Koffi v3": {
                    "time": 8102,
                    "iterations": 64000000,
                    "ratio": 0.7953591705751666,
                    "overhead": 0.2572936064556177
                },
                "Koffi v2": {
                    "time": 8087,
                    "iterations": 41000000,
                    "ratio": 0.5104720539136887,
                    "overhead": 0.958971098090869
                },
                "node-ctypes": {
                    "time": 8185,
                    "iterations": 19000000,
                    "ratio": 0.2337278558338424,
                    "overhead": 3.2784801855663366
                },
                "node:ffi": {
                    "time": 8023,
                    "iterations": 18000000,
                    "ratio": 0.22589741991773649,
                    "overhead": 3.4267880543485765
                },
                "ffi-rs": {
                    "time": 13370,
                    "iterations": 2000000,
                    "ratio": 0.01506170531039641,
                    "overhead": 65.3935443823712
                },
                "ffi-napi": {
                    "time": 10908,
                    "iterations": 1000000,
                    "ratio": 0.009230610561056106,
                    "overhead": 107.33519553072625
                }
            },
            "memset": {
                "Node-API": {
                    "time": 8147,
                    "iterations": 35000000,
                    "ratio": 1,
                    "overhead": 0
                },
                "Koffi v3": {
                    "time": 8133,
                    "iterations": 32000000,
                    "ratio": 0.9158595492789517,
                    "overhead": 0.09187047379403457
                },
                "node:ffi": {
                    "time": 8487,
                    "iterations": 14000000,
                    "ratio": 0.38397549192883235,
                    "overhead": 1.6043328832699153
                },
                "node-ctypes": {
                    "time": 8797,
                    "iterations": 11000000,
                    "ratio": 0.2910635119115283,
                    "overhead": 2.4356762667797405
                },
                "Koffi v2": {
                    "time": 8072,
                    "iterations": 8000000,
                    "ratio": 0.2306951720232196,
                    "overhead": 3.3347244384435992
                },
                "ffi-rs": {
                    "time": 15203,
                    "iterations": 2000000,
                    "ratio": 0.030621775777337178,
                    "overhead": 31.65649932490488
                },
                "ffi-napi": {
                    "time": 24492,
                    "iterations": 1000000,
                    "ratio": 0.009503977975315554,
                    "overhead": 104.21909905486683
                }
            }
        }
    },
    "darwin_arm64": {
        "title": "macOS ARM64 (Apple M1)",
        "results": {
            "atoi": {
                "Node-API": {
                    "time": 8020,
                    "iterations": 211000000,
                    "ratio": 1,
                    "overhead": 0
                },
                "Koffi v3": {
                    "time": 8015,
                    "iterations": 185000000,
                    "ratio": 0.8773242114163906,
                    "overhead": 0.139829480353171
                },
                "Koffi v2": {
                    "time": 8029,
                    "iterations": 108000000,
                    "ratio": 0.5112745916904303,
                    "overhead": 0.9558961392814258
                },
                "node-ctypes": {
                    "time": 8071,
                    "iterations": 64000000,
                    "ratio": 0.301400896428087,
                    "overhead": 2.3178401652119702
                },
                "node:ffi": {
                    "time": 8003,
                    "iterations": 49000000,
                    "ratio": 0.23272078657707154,
                    "overhead": 3.296994758002951
                },
                "ffi-rs": {
                    "time": 9697,
                    "iterations": 5000000,
                    "ratio": 0.019598576195207686,