{
    "linux_x64": {
        "title": "Linux x64 (Intel® Core™ Ultra 9 185H)",
        "results": {
            "atoi": {
                "N-API": {
                    "time": 8026,
                    "iterations": 234000000,
                    "ratio": 1,
                    "overhead": 0
                },
                "Koffi v3": {
                    "time": 8028,
                    "iterations": 196000000,
                    "ratio": 0.8373981662471945,
                    "overhead": 0.1941750535250235
                },
                "Koffi v2": {
                    "time": 8024,
                    "iterations": 131000000,
                    "ratio": 0.5599685984780701,
                    "overhead": 0.7858144237335527
                },
                "node-ctypes": {
                    "time": 8111,
                    "iterations": 62000000,
                    "ratio": 0.26218061996634306,
                    "overhead": 2.814164449410384
                },
                "ffi-rs": {
                    "time": 8213,
                    "iterations": 5000000,
                    "ratio": 0.020881008948706502,
                    "overhead": 46.890406179915274
                },
                "ffi-napi": {
                    "time": 13607,
                    "iterations": 2000000,
                    "ratio": 0.005041397119004233,
                    "overhead": 197.3577124345876
                }
            },
            "memset": {
                "N-API": {
                    "time": 8057,
                    "iterations": 117000000,
                    "ratio": 1,
                    "overhead": 0
                },
                "Koffi v3": {
                    "time": 8020,
                    "iterations": 94000000,
                    "ratio": 0.8071253490206108,
                    "overhead": 0.238964928078927
                },
                "node-ctypes": {
                    "time": 8170,
                    "iterations": 37000000,
                    "ratio": 0.3118653820000209,
                    "overhead": 2.2065117121589757
                },
                "Koffi v2": {
                    "time": 8255,
                    "iterations": 28000000,
                    "ratio": 0.2335761284277335,
                    "overhead": 3.281259419493254
                },
                "ffi-rs": {
                    "time": 9726,
                    "iterations": 4000000,
                    "ratio": 0.028321302843202906,
                    "overhead": 34.30911009060444
                },
                "ffi-napi": {
                    "time": 12348,
                    "iterations": 1000000,
                    "ratio": 0.005576874624493673,
                    "overhead": 178.31190269331015
                }
            }
        }
    },
    "win32_x64": {
        "title": "Windows x64 (AMD Ryzen™ 5 2600)",
        "results": {
            "atoi": {
                "N-API": {
                    "time": 8038,
                    "iterations": 80000000,
                    "ratio": 1,
                    "overhead": 0
                },
                "Koffi v3": {
                    "time": 8023,
                    "iterations": 63000000,
                    "ratio": 0.7889723295525365,
                    "overhead": 0.26747157351785367
                },
                "Koffi v2": {
                    "time": 8056,
                    "iterations": 43000000,
                    "ratio": 0.5362990317775571,
                    "overhead": 0.8646313730709363
                },
                "node-ctypes": {
                    "time": 8385,
                    "iterations": 20000000,
                    "ratio": 0.2396541443053071,
                    "overhead": 3.172679771087335
                },
                "ffi-rs": {
                    "time": 11087,
                    "iterations": 2000000,
                    "ratio": 0.018124830883016148,
                    "overhead": 54.172928589201284
                },
                "ffi-napi": {
                    "time": 11153,
                    "iterations": 1000000,
                    "ratio": 0.009008786873486954,
                    "overhead": 110.00273699925354
                }
            },
            "memset": {
                "N-API": {
                    "time": 8062,
                    "iterations": 37000000,
                    "ratio": 1,
                    "overhead": 0
                },
                "Koffi v3": {
                    "time": 8165,
                    "iterations": 33000000,
                    "ratio": 0.880640836795154,
                    "overhead": 0.1355367116964734
                },
                "node-ctypes": {
                    "time": 8100,
                    "iterations": 10000000,
                    "ratio": 0.26900233566900233,
                    "overhead": 2.717439841230464
                },
                "Koffi v2": {
                    "time": 8647,
                    "iterations": 8000000,
                    "ratio": 0.20158842779404823,
                    "overhead": 3.9606022078888614
                },
                "ffi-rs": {
                    "time": 8739,
                    "iterations": 1000000,
                    "ratio": 0.02493327519074172,
                    "overhead": 39.10704539816423
                },
                "ffi-napi": {
                    "time": 23120,
                    "iterations": 1000000,
                    "ratio": 0.009424389787711587,
                    "overhead": 105.1076655916646
                }
            }
        }
    },
    "darwin_arm64": {
        "title": "macOS ARM64 (Apple M2)",
        "results": {
            "atoi": {
                "N-API": {
                    "time": 8010,
                    "iterations": 233000000,
                    "ratio": 1,
                    "overhead": 0
                },
                "Koffi v3": {
                    "time": 8010,
                    "iterations": 197000000,
                    "ratio": 0.8454935622317598,
                    "overhead": 0.18274111675126892
                },
                "Koffi v2": {
                    "time": 8022,
                    "iterations": 126000000,
                    "ratio": 0.5399635979596882,
                    "overhead": 0.8519766957969204
                },
                "node-ctypes": {
                    "time": 8104,
                    "iterations": 75000000,
                    "ratio": 0.3181547606438192,
                    "overhead": 2.143124427798585
                },
                "ffi-rs": {
                    "time": 8668,
                    "iterations": 5000000,
                    "ratio": 0.019830227505441552,
                    "overhead": 49.42806491885144
                },
                "ffi-napi": {
                    "time": 12019,
                    "iterations": 3000000,
                    "ratio": 0.00858083427991517,
                    "overhead": 115.538784852268
                }
            },
            "memset": {
                "N-API": {
                    "time": 8029,
                    "iterations": 69000000,
                    "ratio": 1,
                    "overhead": 0
                },
                "Koffi v3": {
                    "time": 8012,
                    "iterations": 65000000,
                    "ratio": 0.9440277988813881,
                    "overhead": 0.05929083993600126
                },
                "node-ctypes": {
                    "time": 8113,
                    "iterations": 33000000,
                    "ratio": 0.4733090745395206,
                    "overhead": 1.11278433859079
                },
                "Koffi v2": {
                    "time": 8093,
                    "iterations": 26000000,
                    "ratio": 0.373831742228478,