{
    "linux_x64": {
        "title": "Linux x64 (Intel® Core™ Ultra 9 185H)",
        "results": {
            "atoi": {
                "N-API": {
                    "time": 8026,
                    "iterations": 234000000,
                    "ratio": 1,
                    "overhead": 0
                },
                "Koffi v3": {
                    "time": 8028,
                    "iterations": 196000000,
                    "ratio": 0.8373981662471945,
                    "overhead": 0.1941750535250235
                },
                "Koffi v2": {
                    "time": 8024,
                    "iterations": 131000000,
                    "ratio": 0.5599685984780701,
                    "overhead": 0.7858144237335527
                },
                "node-ctypes": {
                    "time": 8111,
                    "iterations": 62000000,
                    "ratio": 0.26218061996634306,
                    "overhead": 2.814164449410384
                },
                "ffi-rs": {
                    "time": 8213,
                    "iterations": 5000000,
                    "ratio": 0.020881008948706502,
                    "overhead": 46.890406179915274
                },
                "ffi-napi": {
                    "time": 13607,
                    "iterations": 2000000,
                    "ratio": 0.005041397119004233,
                    "overhead": 197.3577124345876
                }
            },
            "memset": {
                "N-API": {
                    "time": 8057,
                    "iterations": 117000000,
                    "ratio": 1,
                    "overhead": 0
                },
                "Koffi v3": {
                    "time": 8020,
                    "iterations": 94000000,
                    "ratio": 0.8071253490206108,
                    "overhead": 0.238964928078927
                },
                "node-ctypes": {
                    "time": 8170,
                    "iterations": 37000000,
                    "ratio": 0.3118653820000209,
                    "overhead": 2.2065117121589757
                },
                "Koffi v2": {
                    "time": 8255,
                    "iterations": 28000000,
                    "ratio": 0.2335761284277335,
                    "overhead": 3.281259419493254
                },
                "ffi-rs": {
                    "time": 9726,
                    "iterations": 4000000,
                    "ratio": 0.028321302843202906,
                    "overhead": 34.30911009060444
                },
                "ffi-napi": {
                    "time": 12348,
                    "iterations": 1000000,
                    "ratio": 0.005576874624493673,
                    "overhead": 178.31190269331015
                }
            }
        }
    },
    "win32_x64": {
        "title": "Windows x64 (Intel® Core™ Ultra 9 185H)",
        "results": {
            "atoi": {
                "N-API": {
                    "time": 8011,
                    "iterations": 191000000,
                    "ratio": 1,
                    "overhead": 0
                },
                "Koffi v3": {
                    "time": 8020,
                    "iterations": 143000000,
                    "ratio": 0.7478509224321395,
                    "overhead": 0.33716489477318357
                },
                "Koffi v2": {
                    "time": 8041,
                    "iterations": 90000000,
                    "ratio": 0.46944618255524206,
                    "overhead": 1.1301696278727862
                },
                "node-ctypes": {
                    "time": 8040,
                    "iterations": 50000000,
                    "ratio": 0.2608358729910656,
                    "overhead": 2.8338284858319813
                },
                "ffi-rs": {
                    "time": 8539,
                    "iterations": 3000000,
                    "ratio": 0.0147355925905715,
                    "overhead": 66.86289685016436
                },
                "ffi-napi": {
                    "time": 16380,
                    "iterations": 2000000,
                    "ratio": 0.005121173184000409,
                    "overhead": 194.26775683435275
                }
            },
            "memset": {
                "N-API": {
                    "time": 8071,
                    "iterations": 101000000,
                    "ratio": 1,
                    "overhead": 0
                },
                "Koffi v3": {
                    "time": 8117,
                    "iterations": 66000000,
                    "ratio": 0.6497620810497953,
                    "overhead": 0.5390248664316313
                },
                "node-ctypes": {
                    "time": 8228,
                    "iterations": 24000000,
                    "ratio": 0.23308961912234005,
                    "overhead": 3.2901953496055834
                },
                "Koffi v2": {
                    "time": 8163,
                    "iterations": 15000000,
                    "ratio": 0.1468410347098657,
                    "overhead": 5.810085491265022
                },
                "ffi-rs": {
                    "time": 11612,
                    "iterations": 2000000,
                    "ratio": 0.013763501737703911,
                    "overhead": 71.65592863337876
                },
                "ffi-napi": {
                    "time": 22378,
                    "iterations": 1000000,
                    "ratio": 0.00357095768563361,
                    "overhead": 279.03692231445916
                }
            }
        }
    },
    "darwin_arm64": {
        "title": "macOS ARM64 (Apple M2)",
        "results": {
            "atoi": {
                "N-API": {
                    "time": 8010,
                    "iterations": 233000000,
                    "ratio": 1,
                    "overhead": 0
                },
                "Koffi v3": {
                    "time": 8010,
                    "iterations": 197000000,
                    "ratio": 0.8454935622317598,
                    "overhead": 0.18274111675126892
                },
                "Koffi v2": {
                    "time": 8022,
                    "iterations": 126000000,
                    "ratio": 0.5399635979596882,
                    "overhead": 0.8519766957969204
                },
                "node-ctypes": {
                    "time": 8104,
                    "iterations": 75000000,
                    "ratio": 0.3181547606438192,
                    "overhead": 2.143124427798585
                },
                "ffi-rs": {
                    "time": 8668,
                    "iterations": 5000000,
                    "ratio": 0.019830227505441552,
                    "overhead": 49.42806491885144
                },
                "ffi-napi": {
                    "time": 12019,
                    "iterations": 3000000,
                    "ratio": 0.00858083427991517,
                    "overhead": 115.538784852268
                }
            },
            "memset": {
                "N-API": {
                    "time": 8029,
                    "iterations": 69000000,
                    "ratio": 1,
                    "overhead": 0
                },
                "Koffi v3": {
                    "time": 8012,
                    "iterations": 65000000,
                    "ratio": 0.9440277988813881,
                    "overhead": 0.05929083993600126
                },
                "node-ctypes": {
                    "time": 8113,
                    "iterations": 33000000,
                    "ratio": 0.4733090745395206,
                    "overhead": 1.11278433859079
                },
                "Koffi v2": {
                    "time": 8093,
                    "iterations": 26000000,
                    "ratio": 0.373831742228478,