{
    "linux_x64": {
        "title": "Linux x64 (AMD Ryzen™ 5 2600)",
        "results": {
            "atoi": {
                "Node-API": {
                    "time": 8044,
                    "iterations": 103000000,
                    "ratio": 1,
                    "overhead": 0
                },
                "Koffi v3": {
                    "time": 8055,
                    "iterations": 89000000,
                    "ratio": 0.8628976755678497,
                    "overhead": 0.1588859586878908
                },
                "Koffi v2": {
                    "time": 8038,
                    "iterations": 61000000,
                    "ratio": 0.5926750846102373,
                    "overhead": 0.6872651237863878
                },
                "node-ctypes": {
                    "time": 8007,
                    "iterations": 28000000,
                    "ratio": 0.27310084258797823,
                    "overhead": 2.6616510975349863
                },
                "ffi-rs": {
                    "time": 11056,
                    "iterations": 3000000,
                    "ratio": 0.02119132255209138,
                    "overhead": 46.18912647107575
                },
                "ffi-napi": {
                    "time": 11058,
                    "iterations": 1000000,
                    "ratio": 0.007062496597815227,
                    "overhead": 140.59298856290403
                }
            },
            "memset": {
                "Node-API": {
                    "time": 8159,
                    "iterations": 38000000,
                    "ratio": 1,
                    "overhead": 0
                },
                "Koffi v3": {
                    "time": 8040,
                    "iterations": 35000000,
                    "ratio": 0.934685126996596,
                    "overhead": 0.06987901178365696
                },
                "node-ctypes": {
                    "time": 8037,
                    "iterations": 14000000,
                    "ratio": 0.3740136081150992,
                    "overhead": 1.6736995079929264
                },
                "Koffi v2": {
                    "time": 8129,
                    "iterations": 10000000,
                    "ratio": 0.2641290765356003,
                    "overhead": 2.7860276994729745
                },
                "ffi-rs": {
                    "time": 10170,
                    "iterations": 2000000,
                    "ratio": 0.042224292294157216,
                    "overhead": 22.683049393308007
                },
                "ffi-napi": {
                    "time": 20681,
                    "iterations": 1000000,
                    "ratio": 0.010382018583037061,
                    "overhead": 95.3203823998039
                }
            }
        }
    },
    "win32_x64": {
        "title": "Windows x64 (AMD Ryzen™ 5 2600)",
        "results": {
            "atoi": {
                "Node-API": {
                    "time": 8038,
                    "iterations": 80000000,
                    "ratio": 1,
                    "overhead": 0
                },
                "Koffi v3": {
                    "time": 8023,
                    "iterations": 63000000,
                    "ratio": 0.7889723295525365,
                    "overhead": 0.26747157351785367
                },
                "Koffi v2": {
                    "time": 8056,
                    "iterations": 43000000,
                    "ratio": 0.5362990317775571,
                    "overhead": 0.8646313730709363
                },
                "node-ctypes": {
                    "time": 8385,
                    "iterations": 20000000,
                    "ratio": 0.2396541443053071,
                    "overhead": 3.172679771087335
                },
                "ffi-rs": {
                    "time": 11087,
                    "iterations": 2000000,
                    "ratio": 0.018124830883016148,
                    "overhead": 54.172928589201284
                },
                "ffi-napi": {
                    "time": 11153,
                    "iterations": 1000000,
                    "ratio": 0.009008786873486954,
                    "overhead": 110.00273699925354
                }
            },
            "memset": {
                "Node-API": {
                    "time": 8062,
                    "iterations": 37000000,
                    "ratio": 1,
                    "overhead": 0
                },
                "Koffi v3": {
                    "time": 8165,
                    "iterations": 33000000,
                    "ratio": 0.880640836795154,
                    "overhead": 0.1355367116964734
                },
                "node-ctypes": {
                    "time": 8100,
                    "iterations": 10000000,
                    "ratio": 0.26900233566900233,
                    "overhead": 2.717439841230464
                },
                "Koffi v2": {
                    "time": 8647,
                    "iterations": 8000000,
                    "ratio": 0.20158842779404823,
                    "overhead": 3.9606022078888614
                },
                "ffi-rs": {
                    "time": 8739,
                    "iterations": 1000000,
                    "ratio": 0.02493327519074172,
                    "overhead": 39.10704539816423
                },
                "ffi-napi": {
                    "time": 23120,
                    "iterations": 1000000,
                    "ratio": 0.009424389787711587,
                    "overhead": 105.1076655916646
                }
            }
        }
    },
    "darwin_arm64": {
        "title": "macOS ARM64 (Apple M2)",
        "results": {
            "atoi": {
                "Node-API": {
                    "time": 8010,
                    "iterations": 233000000,
                    "ratio": 1,
                    "overhead": 0
                },
                "Koffi v3": {
                    "time": 8010,
                    "iterations": 197000000,
                    "ratio": 0.8454935622317598,
                    "overhead": 0.18274111675126892
                },
                "Koffi v2": {
                    "time": 8022,
                    "iterations": 126000000,
                    "ratio": 0.5399635979596882,
                    "overhead": 0.8519766957969204
                },
                "node-ctypes": {
                    "time": 8104,
                    "iterations": 75000000,
                    "ratio": 0.3181547606438192,
                    "overhead": 2.143124427798585
                },
                "ffi-rs": {
                    "time": 8668,
                    "iterations": 5000000,
                    "ratio": 0.019830227505441552,
                    "overhead": 49.42806491885144
                },
                "ffi-napi": {
                    "time": 12019,
                    "iterations": 3000000,
                    "ratio": 0.00858083427991517,
                    "overhead": 115.538784852268
                }
            },
            "memset": {
                "Node-API": {
                    "time": 8029,
                    "iterations": 69000000,
                    "ratio": 1,
                    "overhead": 0
                },
                "Koffi v3": {
                    "time": 8012,
                    "iterations": 65000000,
                    "ratio": 0.9440277988813881,
                    "overhead": 0.05929083993600126
                },
                "node-ctypes": {
                    "time": 8113,
                    "iterations": 33000000,
                    "ratio": 0.4733090745395206,
                    "overhead": 1.11278433859079
                },
                "Koffi v2": {
                    "time": 8093,
                    "iterations": 26000000,
                    "ratio": 0.373831742228478,