{
    "linux_x64": {
        "title": "Linux x64 (Intel® Core™ Ultra 9 185H)",
        "results": {
            "atoi": {
                "Node-API": {
                    "time": 8032,
                    "iterations": 228000000,
                    "ratio": 1,
                    "overhead": 0
                },
                "Koffi v3": {
                    "time": 8007,
                    "iterations": 198000000,
                    "ratio": 0.8711324959081855,
                    "overhead": 0.14793100325968855
                },
                "Koffi v2": {
                    "time": 8006,
                    "iterations": 127000000,
                    "ratio": 0.5588264941644644,
                    "overhead": 0.7894641904821658
                },
                "node:ffi": {
                    "time": 8033,
                    "iterations": 67000000,
                    "ratio": 0.2938230675655902,
                    "overhead": 2.4034087530475117
                },
                "node-ctypes": {
                    "time": 8021,
                    "iterations": 58000000,
                    "ratio": 0.2547348298435904,
                    "overhead": 2.9256508448962766
                },
                "ffi-rs": {
                    "time": 8429,
                    "iterations": 5000000,
                    "ratio": 0.020896945174658083,
                    "overhead": 46.85388446215139
                },
                "ffi-napi": {
                    "time": 13070,
                    "iterations": 2000000,
                    "ratio": 0.005390676384917918,
                    "overhead": 184.5054780876494
                }
            },
            "memset": {
                "Node-API": {
                    "time": 8024,
                    "iterations": 112000000,
                    "ratio": 1,
                    "overhead": 0
                },
                "Koffi v3": {
                    "time": 8019,
                    "iterations": 101000000,
                    "ratio": 0.902347994940588,
                    "overhead": 0.108219894771132
                },
                "node:ffi": {
                    "time": 8088,
                    "iterations": 47000000,
                    "ratio": 0.41632224106259713,
                    "overhead": 1.4019855327634119
                },
                "node-ctypes": {
                    "time": 8161,
                    "iterations": 34000000,
                    "ratio": 0.29847532690321565,
                    "overhead": 2.3503606826579087
                },
                "Koffi v2": {
                    "time": 8194,
                    "iterations": 26000000,
                    "ratio": 0.22732661529342027,
                    "overhead": 3.3989569752281614
                },
                "ffi-rs": {
                    "time": 9776,
                    "iterations": 4000000,
                    "ratio": 0.02931377133504793,
                    "overhead": 33.11365902293121
                },
                "ffi-napi": {
                    "time": 12505,
                    "iterations": 1000000,
                    "ratio": 0.005729136916661906,
                    "overhead": 173.54636091724828
                }
            }
        }
    },
    "win32_x64": {
        "title": "Windows x64 (AMD Ryzen™ 5 2600)",
        "results": {
            "atoi": {
                "Node-API": {
                    "time": 8038,
                    "iterations": 80000000,
                    "ratio": 1,
                    "overhead": 0
                },
                "Koffi v3": {
                    "time": 8023,
                    "iterations": 63000000,
                    "ratio": 0.7889723295525365,
                    "overhead": 0.26747157351785367
                },
                "Koffi v2": {
                    "time": 8056,
                    "iterations": 43000000,
                    "ratio": 0.5362990317775571,
                    "overhead": 0.8646313730709363
                },
                "node-ctypes": {
                    "time": 8385,
                    "iterations": 20000000,
                    "ratio": 0.2396541443053071,
                    "overhead": 3.172679771087335
                },
                "ffi-rs": {
                    "time": 11087,
                    "iterations": 2000000,
                    "ratio": 0.018124830883016148,
                    "overhead": 54.172928589201284
                },
                "ffi-napi": {
                    "time": 11153,
                    "iterations": 1000000,
                    "ratio": 0.009008786873486954,
                    "overhead": 110.00273699925354
                }
            },
            "memset": {
                "Node-API": {
                    "time": 8062,
                    "iterations": 37000000,
                    "ratio": 1,
                    "overhead": 0
                },
                "Koffi v3": {
                    "time": 8165,
                    "iterations": 33000000,
                    "ratio": 0.880640836795154,
                    "overhead": 0.1355367116964734
                },
                "node-ctypes": {
                    "time": 8100,
                    "iterations": 10000000,
                    "ratio": 0.26900233566900233,
                    "overhead": 2.717439841230464
                },
                "Koffi v2": {
                    "time": 8647,
                    "iterations": 8000000,
                    "ratio": 0.20158842779404823,
                    "overhead": 3.9606022078888614
                },
                "ffi-rs": {
                    "time": 8739,
                    "iterations": 1000000,
                    "ratio": 0.02493327519074172,
                    "overhead": 39.10704539816423
                },
                "ffi-napi": {
                    "time": 23120,
                    "iterations": 1000000,
                    "ratio": 0.009424389787711587,
                    "overhead": 105.1076655916646
                }
            }
        }
    },
    "darwin_arm64": {
        "title": "macOS ARM64 (Apple M2)",
        "results": {
            "atoi": {
                "Node-API": {
                    "time": 8010,
                    "iterations": 233000000,
                    "ratio": 1,
                    "overhead": 0
                },
                "Koffi v3": {
                    "time": 8010,
                    "iterations": 197000000,
                    "ratio": 0.8454935622317598,
                    "overhead": 0.18274111675126892
                },
                "Koffi v2": {
                    "time": 8022,
                    "iterations": 126000000,
                    "ratio": 0.5399635979596882,
                    "overhead": 0.8519766957969204
                },
                "node-ctypes": {
                    "time": 8104,
                    "iterations": 75000000,
                    "ratio": 0.3181547606438192,
                    "overhead": 2.143124427798585
                },
                "ffi-rs": {
                    "time": 8668,
                    "iterations": 5000000,
                    "ratio": 0.019830227505441552,
                    "overhead": 49.42806491885144
                },
                "ffi-napi": {
                    "time": 12019,
                    "iterations": 3000000,
                    "ratio": 0.00858083427991517,
                    "overhead": 115.538784852268
                }
            },
            "memset": {
                "Node-API": {
                    "time": 8029,
                    "iterations": 69000000,
                    "ratio": 1,
                    "overhead": 0
                },
                "Koffi v3": {
                    "time": 8012,
                    "iterations": 65000000,
                    "ratio": 0.9440277988813881,